{
  "bleu": 8.802183072000155,
  "chrf": 4.346299576347142,
  "rouge_l": 0.39120407182880784
}