{
  "bleu": 11.808429434786483,
  "chrf": 34.895001111511334,
  "rouge_l": 0.41768375318101447
}