{
  "bleu": 8.943695670003398,
  "chrf": 37.1462126164622,
  "rouge_l": 0.41480922602136405
}