{
  "bleu": 12.925794489355095,
  "chrf": 34.52856323405738,
  "rouge_l": 0.4055066377107117
}